{"alarm clock": [0.8057198362696506, 0.7502530481532109, 0.9554467480645904], "armchair": [0.06655614899761564, 0.6545720962925026, 0.1468865538694134], "backpack": [0.9774113336731062, 0.24994573870508374, 0.1570629376526561], "bag": [0.5453220353713562, 0.6279231427576552, 0.5101035856546914], "ball": [0.8683476872159225, 0.30798946685661244, 0.6456147192106758], "bar": [0.9258594669673094, 0.17661539108459134, 0.45672159754332897], "basket": [0.08499001075802215, 0.19545608270294157, 0.8291132504110631], "bathroom cabinet": [0.7053518068075298, 0.6181546994304787, 0.026998306871217403], "bathroom counter": [0.27175211875658456, 0.2594014877762406, 0.2679332719607057], "bathroom stall": [0.465385967803285, 0.16777664513655322, 0.6237203756302921], "bathroom stall door": [0.1266208202886293, 0.3372833412412485, 0.22828086684552884], "bathroom vanity": [0.6906803430984616, 0.6902298737626938, 0.9577113886254156], "bathtub": [0.799918785175117, 0.17719066545147633, 0.16725992485117525], "bed": [0.8856576631280048, 0.11914909600681589, 0.4559439200090709], "bench": [0.8121945404067817, 0.5406133348692013, 0.36223328558488865], "bicycle": [0.6125444693481483, 0.7654094003285723, 0.525898079588145], "bin": [0.3765166843742207, 0.29693746605858684, 0.2672906039467514], "blackboard": [0.39021946302958044, 0.8664502530998452, 0.07937461925851685], "blanket": [0.6671902640109683, 0.659302409549729, 0.4943734405239535], "blinds": [0.4172101503477841, 0.2805737523058619, 0.7264675347696332], "board": [0.5118303517978782, 0.10796937478785862, 0.5655561238786007], "book": [0.697095114763123, 0.9482671397701168, 0.5174799030633597], "bookshelf": [0.8426089520336221, 0.256055092243908, 0.9803433722412662], "bottle": [0.24827622871617372, 0.9423320489860486, 0.42526086144535913], "bowl": [0.9899169468587194, 0.08706222631548954, 0.8949485242109995], "box": [0.7976721492258578, 0.5336068713942826, 0.8298392732076878], "broom": [0.023183835422178722, 0.9025073968336751, 0.7093683516144117], "bucket": [0.8152311712484105, 0.9456838329813105, 0.38756476704327025], "bulletin board": [0.4168537111175449, 0.11384168871870881, 0.1499438403542951], "cabinet": [0.1915841791851678, 0.5081913348675225, 0.8797543522096849], "calendar": [0.8634619074976316, 0.44732737655186405, 0.8574415108275695], "candle": [0.02181773411952881, 0.487995924395192, 0.9850009278100005], "cart": [0.6178489068342117, 0.6711219306400887, 0.8733239093290176], "case of water bottles": [0.8873187486982244, 0.7536604211560666, 0.3718863226969251], "cd case": [0.335649151106705, 0.35835043981600945, 0.7761877509429246], "ceiling": [0.4656690688712801, 0.3994435672452501, 0.052044999943564485], "ceiling light": [0.15834604054301038, 0.00890627390638521, 0.620150573091931], "chair": [0.2810152936570125, 0.6629722322540386, 0.5368526572160417], "clock": [0.5479169866774962, 0.13210179105581532, 0.38627480497172684], "closet": [0.6711683894813721, 0.22401036749286496, 0.4910742993322834], "closet door": [0.8575134349995914, 0.8976250264470906, 0.5930135805939444], "closet rod": [0.6479074119409114, 0.3736432177953446, 0.08432946039459266], "closet wall": [0.7085570644197983, 0.542052805563812, 0.36550376467107937], "clothes": [0.6795223714014116, 0.7450763310902667, 0.05052557177570682], "clothes dryer": [0.6432231540958335, 0.3659381510664852, 0.07189679882188993], "coat rack": [0.9729096318738578, 0.2092942016978513, 0.8402179468635951], "coffee kettle": [0.8389545928223601, 0.4115484669470527, 0.1546563926782648], "coffee maker": [0.6702378905561897, 0.5586082969547665, 0.1445181270338598], "coffee table": [0.08512829674202882, 0.31343063955996553, 0.12670671855138282], "column": [0.6851696391721028, 0.8639391078988884, 0.6411750321339321], "computer tower": [0.9381088454752331, 0.20970982758823153, 0.707882907684622], "container": [0.1988735830020395, 0.5923955607109996, 0.6672242581703192], "copier": [0.08740732363966841, 0.4659775524970162, 0.6693210698149079], "couch": [0.9855499207272465, 0.3544470305246743, 0.3695399542203335], "counter": [0.7188179368051443, 0.8623401174344905, 0.0844965361397303], "crate": [0.4122539969940032, 0.6560819100300292, 0.47300839093002156], "cup": [0.12614446637494725, 0.030975088542339768, 0.5964900039433791], "curtain": [0.7956419054214119, 0.5111253134212453, 0.5955482713637227], "cushion": [0.2988646582795481, 0.01914943627806731, 0.4910254763494337], "decoration": [0.5365011512631566, 0.6260699580306125, 0.5689351967811326], "desk": [0.41826263116940565, 0.1889282905341011, 0.33858855232978136], "dining table": [0.2815103782485948, 0.28869169036418507, 0.6907053574300142], "dish rack": [0.09037283013677821, 0.3115649995434646, 0.3589826276171718], "dishwasher": [0.7894528854891166, 0.37321552601158436, 0.0877587992458223], "divider": [0.38356335152987, 0.2682822133806052, 0.1111984808402241], "door": [0.012298992697313715, 0.5654810005455821, 0.32568608733760396], "doorframe": [0.8973186456849905, 0.5796206401130679, 0.7993313998460935], "dresser": [0.18375443087959709, 0.18225201123620705, 0.9067701273779254], "dumbbell": [0.6522502567217496, 0.2805003152457247, 0.7572699843967916], "dustpan": [0.6201223220206632, 0.4391514818777714, 0.07893407816821152], "end table": [0.5662254833649911, 0.04443154371131608, 0.9468224365914951], "fan": [0.5211884346268383, 0.18098514594151616, 0.39974902681029734], "file cabinet": [0.0608741229234665, 0.35730098540718824, 0.5293908401345206], "fire alarm": [0.5309849405561381, 0.3882450087473207, 0.11829597534813929], "fire extinguisher": [0.031021742379549466, 0.05495807763325644, 0.8870766740289233], "fireplace": [0.6581054268273501, 0.9164684914069368, 0.0986496115968426], "floor": [0.6963700975518089, 0.8319586024840432, 0.9101645357586862], "folded chair": [0.7881089325608591, 0.25100455130706045, 0.4806250339785497], "furniture": [0.5294798334552726, 0.6710551897911435, 0.583419557839533], "guitar": [0.6243508302165266, 0.048313595825285605, 0.08720063883649953], "guitar case": [0.18320882516964898, 0.09983693598463139, 0.2530384948205878], "hair dryer": [0.9316623884802714, 0.8686448217195141, 0.013644426241541607], "handicap bar": [0.11284427696864019, 0.2250845754768439, 0.8432121499757744], "hat": [0.9401977220735886, 0.0045110234148796335, 0.39212221737428843], "headphones": [0.1742972275368354, 0.7077308325410376, 0.25977213281809697], "ironing board": [0.5656916041935091, 0.8249571416439895, 0.7045813684653421], "jacket": [0.6616790637315322, 0.23466593657874668, 0.2536684131857443], "keyboard": [0.3240303996238939, 0.9255351482886868, 0.6333168365040107], "keyboard piano": [0.21781611906478204, 0.743062723261562, 0.30741066401504513], "kitchen cabinet": [0.9961888871620819, 0.9214817493112609, 0.7078859762263636], "kitchen counter": [0.47202116021228624, 0.830921059233589, 0.17408612906374354], "ladder": [0.07091800706673668, 0.9614174557706306, 0.20677427179901708], "lamp": [0.8465557806526395, 0.1388868915758119, 0.7026229806381831], "laptop": [0.2689953105792364, 0.06382637950066028, 0.4002230935504356], "laundry basket": [0.1338596044390058, 0.5293032508779527, 0.6956587917782489], "laundry detergent": [0.620648193476144, 0.7907468206476331, 0.8382832594418038], "laundry hamper": [0.5493893266762968, 0.5845207999628826, 0.7096221134484219], "ledge": [0.5542313723120333, 0.9130163312404188, 0.6488262051255183], "light": [0.07552137755557331, 0.020721931254672032, 0.06611559941190581], "light switch": [0.5234386468346008, 0.8148842441956903, 0.3669985732095591], "luggage": [0.7790391873567449, 0.17046969224730824, 0.49316498244882756], "machine": [0.15586556222861037, 0.5421956986463247, 0.4026839008079953], "mailbox": [0.0021069360716888808, 0.2293667104152467, 0.641978741709699], "mat": [0.6112540761218718, 0.32527192606255395, 0.43570294177797286], "mattress": [0.5736971920853127, 0.870434141751886, 0.4588034200021728], "microwave": [0.9812275554219267, 0.8082119382377115, 0.07278960636807996],