{
	"class_name" : "PinholeCameraParameters",
	"extrinsic" : 
	[
		1.0,
		0.0,
		0.0,
		0.0,
		0.0,
		1.0,
		0.0,
		0.0,
		0.0,
		0.0,
		1.0,
		0.0,
		0.0,
		0.0,
		0.0,
		1.0
	],
	"intrinsic" : 
	{
		"height" : 941,
		"intrinsic_matrix" : 
		[
			814.92990496115681,
			0.0,
			0.0,
			0.0,
			814.92990496115681,
			0.0,
			834.0,
			470.0,
			1.0
		],
		"width" : 1669
	},
	"version_major" : 1,
	"version_minor" : 0
}